Product,Price
Asistente Virtual Amazon Echo Dot 5ta Gen Azul,$899
Asistente Virtual Amazon Echo Dot 5ta Generación Negro,$899
Asistente Virtual Amazon Echo Dot 5ta Gen Blanco Color Glacier white,$849
Asistente Virtual Amazon Echo Dot 5ta Gen Con Reloj Azul,"$1,099"
"Amazon Echo Show 5 2nd Gen Kids con asistente virtual Alexa, pantalla integrada de 5.5"" color camaleón 110V/240V",$999
Asistente Virtual Amazon Echo Dot 5ta Gen Con Reloj Blanco,"$1,049"
Amazon Echo Dot 5th Gen Con Asistente Virtual Alexa Glaci,$849
Amazon Echo Show 5 Kids Con Asistente Virtual Alexa,$999
Amazon Echo Dot 5th Gen Con Asistente Virtual Alexa Deep,$899
